,Te,Tint_moy,Î”T,Irr,Ptot
2023-01-31 12:00:00,,19.807142857142857,,,1757.55
2023-01-31 13:00:00,7.45055555555555,20.007142857142856,12.556587301587307,146.6405532598709,2353.0
2023-01-31 14:00:00,8.19694444444444,19.97142857142857,11.774484126984131,159.40943526170767,2455.0
2023-01-31 15:00:00,8.93277777777777,19.99428571428572,11.06150793650795,174.72537878787813,2513.0
2023-01-31 16:00:00,8.95805555555555,20.024285714285718,11.066230158730168,146.20638200183575,2533.0
2023-01-31 17:00:00,8.675,19.985714285714288,11.310714285714287,43.7603305785124,2439.0
2023-01-31 18:00:00,8.46472222222222,19.982857142857146,11.518134920634926,6.868973829201096,2413.0
2023-01-31 19:00:00,8.46555555555555,19.972857142857144,11.507301587301594,-0.4175275482093658,2386.0
2023-01-31 20:00:00,8.26527777777777,19.98,11.71472222222223,-0.7845500459136819,2404.0
2023-01-31 21:00:00,8.11527777777777,19.964285714285715,11.849007936507945,-0.6092171717171715,2377.0
2023-01-31 22:00:00,8.09361111111111,19.98428571428571,11.8906746031746,-0.4413452708907251,2380.0
2023-01-31 23:00:00,8.03972222222222,19.99,11.950277777777778,-0.3704660238751147,2343.0
2023-02-01 00:00:00,8.075,19.988571428571426,11.913571428571426,-0.5710514233241498,2353.0
2023-02-01 01:00:00,8.14861111111111,19.99285714285714,11.84424603174603,-0.4565541781450867,2349.66
2023-02-01 02:00:00,7.93361111111111,20.01142857142857,12.077817460317462,-1.6043962350780476,2324.0
2023-02-01 03:00:00,7.91888888888888,19.988571428571426,12.069682539682546,-0.4358930211202934,2322.0
2023-02-01 04:00:00,7.89361111111111,20.01428571428572,12.12067460317461,-0.5162419651056013,2329.0
2023-02-01 05:00:00,7.82138888888888,20.005714285714284,12.184325396825404,-0.7211317722681353,2325.0
2023-02-01 06:00:00,7.33916666666666,19.99571428571429,12.656547619047629,-1.8884871441689568,2306.0
2023-02-01 07:00:00,6.96722222222222,19.988571428571426,13.021349206349207,-1.7203282828282749,2321.0
2023-02-01 08:00:00,6.96472222222222,19.98857142857143,13.023849206349208,-1.459194214876033,2355.0
2023-02-01 09:00:00,6.63305555555555,19.99285714285714,13.35980158730159,8.942550505050496,2347.0
2023-02-01 10:00:00,7.28944444444444,19.99857142857143,12.709126984126991,53.69289485766757,2377.0
2023-02-01 11:00:00,8.08444444444444,19.99571428571429,11.91126984126985,76.63710973370061,2356.0
2023-02-01 12:00:00,8.53972222222222,20.002857142857145,11.463134920634925,169.58935950413223,2347.0
2023-02-01 13:00:00,9.25416666666666,20.00714285714286,10.7529761904762,202.79872589531607,2342.36
2023-02-01 14:00:00,9.80694444444444,20.014285714285712,10.207341269841272,202.6397497704308,2277.0
2023-02-01 15:00:00,9.4975,20.002857142857145,10.505357142857145,62.35164141414132,2231.0
2023-02-01 16:00:00,9.60777777777777,20.02285714285714,10.415079365079372,68.82030532598709,2196.0
2023-02-01 17:00:00,9.71166666666666,20.012857142857143,10.301190476190483,58.08626033057851,2188.0
2023-02-01 18:00:00,9.53249999999999,20.004285714285714,10.471785714285724,17.45953856749308,2131.0
2023-02-01 19:00:00,9.27055555555555,19.98857142857143,10.71801587301588,-1.0827020202020143,2126.0
2023-02-01 20:00:00,8.60638888888888,19.99571428571429,11.38932539682541,-2.790117079889804,2144.0
2023-02-01 21:00:00,8.46861111111111,20.01,11.541388888888891,-1.7231978879706096,2159.0
2023-02-01 22:00:00,8.16833333333333,20.00857142857143,11.8402380952381,-1.6500229568411364,2178.0
2023-02-01 23:00:00,8.27222222222222,20.01285714285714,11.74063492063492,-1.100206611570248,2175.0
2023-02-02 00:00:00,7.97138888888888,20.02142857142857,12.050039682539689,-1.9243572084481095,2181.0
2023-02-02 01:00:00,7.48694444444444,19.99142857142857,12.504484126984131,-2.324954086317717,2162.0
2023-02-02 02:00:00,6.82361111111111,20.0,13.17638888888889,-2.6825068870523348,2204.0
2023-02-02 03:00:00,6.55111111111111,19.99571428571429,13.444603174603179,-2.3958333333333264,2224.0
2023-02-02 04:00:00,6.34166666666666,20.0,13.65833333333334,-2.397555096418729,2282.0
2023-02-02 05:00:00,6.19555555555555,19.99571428571429,13.800158730158739,-2.065828741965104,2287.0
2023-02-02 06:00:00,6.66666666666666,19.99142857142857,13.32476190476191,-0.0324265381083562,2303.0
2023-02-02 07:00:00,6.95555555555555,19.99428571428572,13.03873015873017,-0.3168044077134979,2335.0
2023-02-02 08:00:00,7.10416666666666,19.998571428571427,12.894404761904767,-0.3848140495867769,2331.0
2023-02-02 09:00:00,7.37027777777777,20.00714285714286,12.63686507936509,4.028925619834711,2351.0
2023-02-02 10:00:00,7.3625,19.998571428571427,12.636071428571427,20.429866850321385,2319.0
2023-02-02 11:00:00,8.1375,19.988571428571426,11.851071428571426,53.53277089072541,2304.0
2023-02-02 12:00:00,8.98583333333333,19.99142857142857,11.00559523809524,94.16896235078048,2291.0
2023-02-02 13:00:00,9.55361111111111,19.988571428571426,10.434960317460316,153.96034205693286,2275.0
2023-02-02 14:00:00,9.97222222222222,20.00857142857143,10.03634920634921,143.04264233241426,2252.0
2023-02-02 15:00:00,9.87555555555555,20.01571428571429,10.140158730158738,76.9593663911845,2206.0
2023-02-02 16:00:00,9.88527777777777,20.02285714285714,10.137579365079372,53.12442607897148,2176.0
2023-02-02 17:00:00,10.0052777777777,20.02428571428572,10.019007936508022,37.14474288337924,2148.0
2023-02-02 18:00:00,9.8575,20.017142857142854,10.159642857142854,4.201962809917356,2083.0
2023-02-02 19:00:00,9.77055555555555,19.992857142857144,10.222301587301594,-0.5635904499540858,2081.0
2023-02-02 20:00:00,9.56833333333333,20.03428571428572,10.46595238095239,-0.6892791551882459,2091.0
2023-02-02 21:00:00,9.58305555555555,20.025714285714287,10.442658730158737,-0.5363292011019277,2052.0
2023-02-02 22:00:00,9.4125,20.030000000000005,10.617500000000005,-0.656565656565656,2089.0
2023-02-02 23:00:00,9.32694444444444,20.01,10.683055555555562,-0.5928604224058761,2028.44
2023-02-03 00:00:00,9.16749999999999,20.024285714285718,10.856785714285728,-0.6450872359963264,2021.0
2023-02-03 01:00:00,8.93611111111111,20.01142857142857,11.07531746031746,-0.4970156106519742,2006.0
2023-02-03 02:00:00,8.54,20.01142857142857,11.471428571428572,-1.0499885215794216,2008.0
2023-02-03 03:00:00,8.40833333333333,20.007142857142856,11.598809523809527,-0.7426538108356281,2050.0
2023-02-03 04:00:00,8.42944444444444,20.02285714285714,11.5934126984127,-0.7455234159779608,2048.0
2023-02-03 05:00:00,8.40611111111111,20.01,11.603888888888891,-0.4608585858585858,2025.0
2023-02-03 06:00:00,8.20361111111111,19.99428571428572,11.79067460317461,-0.5245638200183647,2072.0
2023-02-03 07:00:00,8.00333333333333,20.02285714285714,12.019523809523811,-0.7067837465564731,2091.0
2023-02-03 08:00:00,8.14611111111111,20.012857142857143,11.866746031746032,-0.3641528925619834,2086.0
2023-02-03 09:00:00,7.92277777777777,20.027142857142856,12.104365079365085,6.813590449954082,2100.0
2023-02-03 10:00:00,8.36361111111111,20.00857142857143,11.644960317460319,30.393135904499484,2079.0
2023-02-03 11:00:00,8.45055555555555,20.00714285714286,11.55658730158731,77.32811065197427,2094.0
2023-02-03 12:00:00,9.05027777777777,20.02714285714286,10.976865079365089,112.0078627180899,2115.0
2023-02-03 13:00:00,9.44527777777777,20.03142857142857,10.5861507936508,108.57151056014668,2076.0
2023-02-03 14:00:00,9.65972222222222,20.03857142857143,10.37884920634921,117.870466023875,2061.0
2023-02-03 15:00:00,10.1041666666666,20.037142857142857,9.932976190476257,76.84716483011933,2001.0
2023-02-03 16:00:00,10.2091666666666,20.024285714285718,9.815119047619117,56.96567952249762,1960.0
2023-02-03 17:00:00,10.1894444444444,20.00428571428571,9.814841269841311,18.17292240587686,1900.0
2023-02-03 18:00:00,10.2119444444444,20.018571428571427,9.806626984127027,6.430211202938471,1938.0
2023-02-03 19:00:00,10.2630555555555,20.018571428571427,9.755515873015927,-0.2063246097337004,1913.0
2023-02-03 20:00:00,10.2044444444444,20.01571428571429,9.811269841269889,-0.5222681359044989,1903.0
2023-02-03 21:00:00,10.0530555555555,20.01571428571429,9.962658730158788,-0.5627295684113863,1871.0
2023-02-03 22:00:00,9.89555555555555,20.01142857142857,10.11587301587302,-0.4674586776859504,1917.0
2023-02-03 23:00:00,9.78527777777777,20.02714285714286,10.24186507936509,-0.4201101928374649,1900.0
2023-02-04 00:00:00,9.60166666666666,20.035714285714285,10.434047619047625,-0.4292929292929288,1914.0
2023-02-04 01:00:00,9.5275,20.018571428571427,10.491071428571427,-0.3925619834710743,1872.0
2023-02-04 02:00:00,9.47305555555555,20.030000000000005,10.556944444444454,-0.3942837465564732,1879.0
2023-02-04 03:00:00,9.4075,20.01,10.602500000000001,-0.4143709825528006,1852.0
2023-02-04 04:00:00,9.30916666666666,20.020000000000003,10.710833333333342,-0.4255624426078967,1869.0
2023-02-04 05:00:00,9.18666666666666,20.025714285714287,10.839047619047626,-0.4120752984389339,1897.0
2023-02-04 06:00:00,9.14138888888888,20.03428571428572,10.89289682539684,-0.4310146923783286,1891.0
2023-02-04 07:00:00,9.07277777777777,20.025714285714287,10.952936507936517,-0.4361799816345268,1876.0
2023-02-04 08:00:00,9.02333333333333,20.01,10.986666666666672,-0.3770661157024793,1861.0
2023-02-04 09:00:00,8.97888888888889,20.00857142857143,11.02968253968254,7.943640955004588,1914.0
2023-02-04 10:00:00,8.77388888888888,20.025714285714283,11.251825396825403,26.22417355371891,1917.0
2023-02-04 11:00:00,8.65666666666666,20.02,11.36333333333334,36.00550964187324,1892.0
2023-02-04 12:00:00,9.08166666666666,20.007142857142856,10.925476190476196,64.7009871441689,1864.0
2023-02-04 13:00:00,9.54083333333333,20.027142857142856,10.486309523809526,74.3227731864095,1902.0
2023-02-04 14:00:00,9.44861111111111,20.02428571428572,10.575674603174612,38.523588154269945,1891.0
2023-02-04 15:00:00,9.22416666666666,20.02142857142857,10.797261904761909,73.2750803489439,1836.0
2023-02-04 16:00:00,9.52722222222222,20.005714285714284,10.478492063492064,44.6694214876032,1791.0
2023-02-04 17:00:00,9.52222222222222,20.032857142857143,10.510634920634923,30.574494949494937,1866.0
2023-02-04 18:00:00,9.45277777777777,20.017142857142854,10.564365079365084,8.380968778696044,1809.0
2023-02-04 19:00:00,9.32055555555555,20.024285714285718,10.703730158730167,-0.8511248852157934,1815.0
2023-02-04 20:00:00,9.3325,20.014285714285712,10.681785714285713,-0.8281680440771344,1840.0
2023-02-04 21:00:00,9.20055555555555,20.002857142857145,10.802301587301596,-1.1699380165289257,1816.0
2023-02-04 22:00:00,8.86277777777777,20.00142857142857,11.138650793650799,-1.207816804407707,1850.0
2023-02-04 23:00:00,8.58222222222222,20.014285714285712,11.432063492063492,-1.295913682277314,1874.0
2023-02-05 00:00:00,8.32944444444444,20.02857142857143,11.699126984126988,-1.3424012855830991,1912.0
2023-02-05 01:00:00,8.19416666666666,20.01571428571429,11.821547619047628,-1.3251836547291012,1903.0
2023-02-05 02:00:00,8.03944444444444,20.018571428571427,11.979126984126987,-1.3533057851239672,1944.0
2023-02-05 03:00:00,7.94944444444444,20.03428571428572,12.084841269841279,-1.134354912763998,1978.0
2023-02-05 04:00:00,7.91027777777777,20.018571428571427,12.108293650793657,-0.9736570247933884,1958.0
2023-02-05 05:00:00,7.72472222222222,20.002857142857145,12.278134920634926,-0.8364898989898988,1963.0
2023-02-05 06:00:00,7.42527777777777,20.00714285714286,12.581865079365091,-0.964761248852158,2033.0
2023-02-05 07:00:00,7.08611111111111,20.025714285714287,12.939603174603176,-1.3182966023875105,2038.0
2023-02-05 08:00:00,7.035,20.001428571428573,12.966428571428573,-0.6304522497704309,2037.0
2023-02-05 09:00:00,7.05611111111111,20.00857142857143,12.952460317460318,8.469926538108348,2096.0
2023-02-05 10:00:00,7.36472222222222,20.00714285714286,12.64242063492064,35.93893480257108,2074.0
2023-02-05 11:00:00,7.93611111111111,19.99285714285714,12.05674603174603,79.0381083562901,2073.0
2023-02-05 12:00:00,8.50916666666666,20.005714285714287,11.496547619047627,186.475550964187,2097.0
2023-02-05 13:00:00,8.565,20.027142857142856,11.462142857142856,219.3569214876033,2093.0
2023-02-05 14:00:00,8.95333333333333,20.02428571428572,11.070952380952392,154.83901515151445,2041.0
2023-02-05 15:00:00,9.22638888888889,20.017142857142854,10.790753968253965,136.18313820018287,2000.0
2023-02-05 16:00:00,9.21388888888888,20.04285714285714,10.828968253968261,218.20907943066945,1967.0
2023-02-05 17:00:00,8.76583333333333,20.005714285714284,11.239880952380954,56.45603764921942,1882.0
2023-02-05 18:00:00,8.00888888888888,20.002857142857145,11.993968253968266,12.643193296602377,1914.0
2023-02-05 19:00:00,7.13194444444444,20.02142857142857,12.88948412698413,-2.7421946740128518,1973.0
2023-02-05 20:00:00,6.42555555555555,20.017142857142854,13.591587301587303,-2.8899793388429758,2010.0
2023-02-05 21:00:00,5.78583333333333,20.014285714285712,14.228452380952383,-2.617079889807159,2065.0
2023-02-05 22:00:00,5.23916666666666,20.002857142857145,14.763690476190487,-2.4606864095500414,2094.0
2023-02-05 23:00:00,4.92194444444444,20.0,15.07805555555556,-2.5327134986225825,2150.0
2023-02-06 00:00:00,4.34361111111111,20.002857142857145,15.659246031746036,-2.758838383838378,2226.0
2023-02-06 01:00:00,3.48416666666666,20.01428571428572,16.53011904761906,-2.857265840220382,2279.0
2023-02-06 02:00:00,2.79194444444444,19.974285714285717,17.182341269841277,-2.3080234159779547,2298.0
2023-02-06 03:00:00,2.43888888888888,19.97714285714286,17.53825396825398,-2.251779155188244,2445.0
2023-02-06 04:00:00,2.60666666666666,19.982857142857146,17.376190476190487,-2.1547865013774072,2453.0
2023-02-06 05:00:00,2.42916666666666,19.964285714285715,17.535119047619055,-2.3220844811753825,2511.0
2023-02-06 06:00:00,2.49083333333333,19.97571428571429,17.48488095238096,-2.149047291092738,2645.0
2023-02-06 07:00:00,2.3425,19.98,17.6375,-2.175734618916436,2676.0
2023-02-06 08:00:00,2.10916666666666,19.974285714285717,17.865119047619057,-2.1519168962350728,2663.0
2023-02-06 09:00:00,2.02666666666666,19.94428571428572,17.91761904761906,9.277433425160693,2728.0
2023-02-06 10:00:00,2.90055555555555,19.984285714285715,17.083730158730166,82.75797750229567,2797.0
2023-02-06 11:00:00,4.24055555555555,19.98,15.739444444444452,250.8195592286498,2742.0
2023-02-06 12:00:00,4.66111111111111,19.945714285714285,15.284603174603175,182.6076101928368,2669.0
2023-02-06 13:00:00,5.26,19.957142857142856,14.697142857142856,173.87367998163433,2692.0
2023-02-06 14:00:00,5.99333333333333,20.002857142857145,14.009523809523817,135.58281680440703,2697.0
2023-02-06 15:00:00,6.94694444444444,19.972857142857144,13.025912698412704,135.85055096418697,2547.0
2023-02-06 16:00:00,7.41444444444444,19.99142857142857,12.576984126984131,240.56846877869523,2524.0
2023-02-06 17:00:00,7.37138888888888,19.99571428571429,12.624325396825409,32.00700183654721,2445.0
2023-02-06 18:00:00,6.57472222222222,19.957142857142856,13.382420634920635,9.635273186409544,2397.0
2023-02-06 19:00:00,5.655,20.00714285714286,14.352142857142859,-2.190943526170796,2513.0
2023-02-06 20:00:00,5.06055555555555,19.982857142857146,14.922301587301597,-2.4779040404040398,2440.0
2023-02-06 21:00:00,4.63222222222222,19.967142857142854,15.334920634920634,-2.291379706152428,2467.0
2023-02-06 22:00:00,4.035,19.978571428571428,15.943571428571428,-2.6463498622589463,2559.0
2023-02-06 23:00:00,3.37416666666666,20.014285714285712,16.640119047619052,-2.591827364554628,2579.0
2023-02-07 00:00:00,2.8225,19.95285714285714,17.130357142857143,-2.386937557392097,2540.0
2023-02-07 01:00:00,2.31666666666666,19.99428571428572,17.67761904761906,-2.612775482093657,2679.0
2023-02-07 02:00:00,2.01638888888888,19.964285714285715,17.947896825396835,-2.384354912763998,2648.0
2023-02-07 03:00:00,1.59027777777777,19.958571428571428,18.368293650793657,-2.494834710743792,2756.0
2023-02-07 04:00:00,1.12583333333333,19.96857142857143,18.8427380952381,-2.3565197428833784,2795.0
2023-02-07 05:00:00,0.773611111111111,19.945714285714285,19.172103174603173,-2.5381657483930167,2796.0
2023-02-07 06:00:00,0.542777777777777,19.94142857142857,19.398650793650795,-2.605314508723595,2862.0
2023-02-07 07:00:00,0.552222222222222,19.888571428571428,19.336349206349205,-1.8993916437098244,2872.0
2023-02-07 08:00:00,0.394722222222222,19.935714285714287,19.540992063492066,-2.3467630853994423,3038.0
2023-02-07 09:00:00,0.208611111111111,19.91,19.70138888888889,8.123278236914599,3006.0
2023-02-07 10:00:00,1.24694444444444,19.914285714285715,18.667341269841273,113.11093893480168,3041.0
2023-02-07 11:00:00,2.50694444444444,19.914285714285715,17.407341269841275,292.590105601469,3066.0
2023-02-07 12:00:00,3.3125,19.935714285714287,16.623214285714287,366.7937901744711,3022.0
2023-02-07 13:00:00,4.17027777777777,19.93428571428572,15.764007936507952,322.7941345270889,2968.0
2023-02-07 14:00:00,4.87194444444444,19.95714285714286,15.085198412698418,162.3857897153347,2931.0
2023-02-07 15:00:00,5.55,19.937142857142856,14.387142857142855,119.16580578512396,2767.0
2023-02-07 16:00:00,5.92083333333333,19.947142857142858,14.026309523809527,248.49776170798867,2711.0
2023-02-07 17:00:00,5.96944444444444,19.95,13.98055555555556,34.48404499540858,2638.0
2023-02-07 18:00:00,5.36277777777777,19.942857142857143,14.580079365079374,10.847107438016527,2624.0
2023-02-07 19:00:00,3.72166666666666,19.92,16.19833333333334,-2.971476124885206,2641.0
2023-02-07 20:00:00,1.51944444444444,19.925714285714285,18.406269841269847,-2.708046372819091,2603.0
2023-02-07 21:00:00,1.31638888888888,19.91142857142857,18.59503968253969,-1.988349403122128,2684.0
2023-02-07 22:00:00,0.744722222222222,19.89428571428571,19.14956349206349,-1.864382460973368,2763.0
2023-02-07 23:00:00,0.0425,19.91857142857143,19.87607142857143,-1.9923668503213947,2780.0
2023-02-08 00:00:00,-0.516666666666666,19.95,20.466666666666665,-2.039141414141405,2903.0
2023-02-08 01:00:00,-1.1475,19.924285714285716,21.071785714285717,-1.6488751147842045,2885.0
2023-02-08 02:00:00,-1.43083333333333,19.914285714285715,21.345119047619043,-1.498220844811746,2957.0
2023-02-08 03:00:00,-1.71055555555555,19.92714285714285,21.637698412698402,-1.609561524334246,3005.0
2023-02-08 04:00:00,-2.01416666666666,19.897142857142857,21.911309523809518,-1.665231864095496,3053.0
2023-02-08 05:00:00,-2.33416666666666,19.91714285714286,22.25130952380952,-1.6629361799816322,3121.0
2023-02-08 06:00:00,-2.37694444444444,19.87142857142857,22.24837301587301,-1.61501377410468,3175.0
2023-02-08 07:00:00,-2.39638888888888,19.872857142857143,22.26924603174602,-1.5467171717171695,3216.56
2023-02-08 08:00:00,-2.71305555555555,19.885714285714283,22.59876984126983,-1.4732552800734606,3275.65
2023-02-08 09:00:00,-2.43166666666666,19.844285714285714,22.275952380952376,7.623106060606054,3257.0
2023-02-08 10:00:00,-0.422222222222222,19.842857142857145,20.265079365079366,107.00614095500414,3328.0
2023-02-08 11:00:00,1.34916666666666,19.841428571428573,18.49226190476191,374.87603305785126,3304.0
2023-02-08 12:00:00,3.07888888888888,19.842857142857145,16.763968253968265,373.27479338842977,3209.0
2023-02-08 13:00:00,4.14055555555555,19.860000000000003,15.719444444444452,339.50470615243285,3201.0
2023-02-08 14:00:00,4.98916666666666,19.87857142857143,14.889404761904771,188.4544306703389,3111.0
2023-02-08 15:00:00,5.67555555555555,19.88142857142857,14.20587301587302,135.11478420569318,3029.0
2023-02-08 16:00:00,5.97638888888888,19.925714285714285,13.949325396825405,266.9246441689618,2966.0
2023-02-08 17:00:00,5.85694444444444,19.925714285714285,14.068769841269845,33.558597337006404,2804.0
2023-02-08 18:00:00,4.9475,19.89,14.9425,10.413223140495765,2757.0
2023-02-08 19:00:00,2.26416666666666,19.90285714285714,17.63869047619048,-2.708620293847562,2743.0
2023-02-08 20:00:00,0.371388888888888,19.885714285714283,19.514325396825395,-3.116965105601467,2746.0
2023-02-08 21:00:00,-0.653333333333333,19.898571428571422,20.551904761904755,-2.436294765840217,2817.0
2023-02-08 22:00:00,-1.26555555555555,19.89428571428571,21.159841269841262,-2.0999770431588534,2856.0
2023-02-08 23:00:00,-1.7275,19.87142857142857,21.59892857142857,-1.8345385674931096,2913.29
2023-02-09 00:00:00,-2.12944444444444,19.907142857142865,22.036587301587304,-1.6947887970615183,2977.0
2023-02-09 01:00:00,-2.44194444444444,19.868571428571432,22.310515873015873,-1.5421258034894318,3009.0
2023-02-09 02:00:00,-2.78194444444444,19.865714285714287,22.647658730158728,-1.5659435261707957,3068.0
2023-02-09 03:00:00,-3.14916666666666,19.871428571428574,23.020595238095233,-1.5980831037649177,3199.0
2023-02-09 04:00:00,-3.40083333333333,19.89,23.29083333333333,-1.5263429752066116,3272.0
2023-02-09 05:00:00,-3.58055555555555,19.86428571428572,23.44484126984127,-1.5771349862258883,3263.0
2023-02-09 06:00:00,-3.5375,19.801428571428573,23.338928571428575,-1.4996556473829132,3306.0
2023-02-09 07:00:00,-2.85527777777777,19.78428571428572,22.639563492063488,-1.6953627180899895,3344.0
2023-02-09 08:00:00,-3.69277777777777,19.762857142857143,23.455634920634914,-2.2024219467401243,3394.0
2023-02-09 09:00:00,-3.49611111111111,19.735714285714284,23.231825396825393,11.375114784205682,3421.0
2023-02-09 10:00:00,-1.54666666666666,19.734285714285715,21.280952380952375,109.29665977961363,3480.0
2023-02-09 11:00:00,1.24694444444444,19.74,18.493055555555557,329.845615243342,3439.0
2023-02-09 12:00:00,3.24638888888888,19.707142857142856,16.460753968253975,321.60267447199175,3319.31
2023-02-09 13:00:00,4.78083333333333,19.77285714285714,14.992023809523811,295.0751836547283,3331.11
2023-02-09 14:00:00,5.59638888888888,19.805714285714284,14.209325396825404,201.96022727272728,3229.38
2023-02-09 15:00:00,6.23222222222222,19.79714285714286,13.56492063492064,171.44283746556405,3092.0
2023-02-09 16:00:00,6.76,19.88571428571429,13.12571428571429,173.85129706152378,3073.0
2023-02-09 17:00:00,6.63666666666666,19.914285714285715,13.277619047619055,73.32931588613398,2961.0
2023-02-09 18:00:00,5.55666666666666,19.9,14.343333333333337,23.54826675849401,2856.0
2023-02-09 19:00:00,1.9275,19.86714285714286,17.93964285714286,-3.110078053259866,2810.0
2023-02-09 20:00:00,0.78,19.92142857142857,19.14142857142857,-2.5255394857667564,2878.0
2023-02-09 21:00:00,0.715555555555555,19.89714285714286,19.181587301587307,-1.526056014692376,2822.4
2023-02-09 22:00:00,0.0177777777777777,19.857142857142858,19.83936507936508,-1.498794765840217,2842.0
2023-02-09 23:00:00,1.73083333333333,19.872857142857143,18.142023809523813,1.6290748393021073,2940.0
2023-02-10 00:00:00,2.95027777777777,19.89714285714286,16.94686507936509,1.4924816345270868,2933.0
2023-02-10 01:00:00,3.34194444444444,19.862857142857145,16.520912698412705,0.7957415059687779,2890.0
2023-02-10 02:00:00,3.6575,19.872857142857143,16.215357142857144,0.2436294765840216,2883.0
2023-02-10 03:00:00,3.38694444444444,19.865714285714287,16.478769841269845,-0.8307506887052336,2890.0
2023-02-10 04:00:00,3.65111111111111,19.87,16.21888888888889,-0.601469237832874,2892.0
2023-02-10 05:00:00,4.00777777777777,19.891428571428573,15.883650793650803,-0.3150826446280992,2865.0
2023-02-10 06:00:00,4.1325,19.854285714285712,15.721785714285712,-0.7730716253443523,2806.0
2023-02-10 07:00:00,4.17694444444444,19.865714285714287,15.688769841269846,-0.6301652892561984,2839.0
2023-02-10 08:00:00,4.38194444444444,19.89,15.508055555555561,-0.5638774104683192,2816.0
2023-02-10 09:00:00,4.47527777777777,19.860000000000003,15.384722222222234,8.074207988980714,2773.0
2023-02-10 10:00:00,4.91666666666666,19.837142857142855,14.920476190476194,34.48433195592283,3030.0
2023-02-10 11:00:00,5.86472222222222,19.947142857142858,14.082420634920638,120.86432506886985,2836.0
2023-02-10 12:00:00,7.14555555555555,19.91857142857143,12.77301587301588,216.21355601469213,2775.0
2023-02-10 13:00:00,8.26944444444444,19.954285714285717,11.684841269841277,228.95747245179032,2716.0
2023-02-10 14:00:00,8.945,19.958571428571428,11.013571428571428,129.36036501377376,2641.0
2023-02-10 15:00:00,9.69416666666666,19.987142857142857,10.292976190476196,180.6869834710744,2512.0
2023-02-10 16:00:00,9.70472222222222,19.99428571428572,10.2895634920635,112.71034205693284,2444.0
2023-02-10 17:00:00,9.29166666666666,20.0,10.70833333333334,58.55400596877862,2336.0
2023-02-10 18:00:00,8.85833333333333,20.02142857142857,11.163095238095238,16.218721303948556,2326.0
2023-02-10 19:00:00,6.72083333333333,20.0,13.27916666666667,-2.1074380165289157,2236.0
2023-02-10 20:00:00,4.51916666666666,20.002857142857145,15.483690476190485,-2.8165174471992565,2256.0
2023-02-10 21:00:00,3.86861111111111,19.98714285714286,16.11853174603175,-1.8646694214876036,2270.0
2023-02-10 22:00:00,4.38027777777777,19.981428571428573,15.601150793650802,-1.4594811753902583,2307.0
2023-02-10 23:00:00,4.64555555555555,20.005714285714287,15.360158730158737,-1.936409550045909,2350.63
2023-02-11 00:00:00,4.72027777777777,19.97714285714286,15.256865079365088,-1.2502869605142253,2366.0
2023-02-11 01:00:00,3.21,20.000000000000004,16.790000000000003,-2.495695592286498,2419.0
2023-02-11 02:00:00,2.455,19.99571428571429,17.540714285714287,-1.747015610651973,2449.0
2023-02-11 03:00:00,1.99277777777777,19.985714285714288,17.992936507936516,-1.6112832874196488,2513.0
2023-02-11 04:00:00,1.51694444444444,19.987142857142857,18.470198412698416,-1.3521579430670247,2539.0
2023-02-11 05:00:00,1.58833333333333,19.962857142857143,18.37452380952381,-0.7486799816345269,2542.0
2023-02-11 06:00:00,1.13166666666666,19.97,18.83833333333334,-1.4462809917355373,2674.0
2023-02-11 07:00:00,0.526666666666666,19.97714285714286,19.45047619047619,-1.7650941230486676,2696.0
2023-02-11 08:00:00,0.156944444444444,19.952857142857145,19.7959126984127,-1.3426882460973348,2705.0
2023-02-11 09:00:00,0.409444444444444,19.94428571428572,19.534841269841277,11.617022497704236,2764.0
2023-02-11 10:00:00,2.80444444444444,19.93428571428572,17.129841269841283,65.63820018365466,2791.0
2023-02-11 11:00:00,5.26388888888888,19.935714285714287,14.671825396825406,151.81272956841116,2804.0
2023-02-11 12:00:00,7.06416666666666,19.94,12.875833333333341,256.5808654729101,2720.0
2023-02-11 13:00:00,8.66361111111111,19.98,11.316388888888891,232.7178030303027,2696.0
2023-02-11 14:00:00,9.23277777777777,19.97142857142857,10.738650793650802,171.4746900826436,2564.0
2023-02-11 15:00:00,9.66055555555555,19.98,10.31944444444445,151.10049357208368,2490.24
2023-02-11 16:00:00,9.78333333333333,20.002857142857145,10.219523809523816,141.18026859504133,2410.0
2023-02-11 17:00:00,9.51805555555555,19.997142857142855,10.479087301587304,51.57914370982552,2309.0
2023-02-11 18:00:00,9.10416666666666,19.99571428571429,10.891547619047628,8.593319559228648,2230.0
2023-02-11 19:00:00,8.86805555555555,20.02285714285714,11.154801587301591,-0.296430211202938,2220.0
2023-02-11 20:00:00,8.62555555555555,20.002857142857145,11.377301587301595,-0.4450757575757572,2159.0
2023-02-11 21:00:00,8.27472222222222,19.98,11.70527777777778,-0.4146579430670331,2119.0
2023-02-11 22:00:00,8.07777777777777,19.99428571428572,11.91650793650795,-0.3592745638200176,2195.0
2023-02-11 23:00:00,7.93944444444444,20.02428571428572,12.08484126984128,-0.2840909090909091,2179.0
2023-02-12 00:00:00,7.57861111111111,20.01571428571429,12.437103174603179,-0.3790748393021115,2153.0
2023-02-12 01:00:00,7.20055555555555,20.005714285714287,12.805158730158738,-0.4668847566574834,2167.0
2023-02-12 02:00:00,7.10944444444444,20.020000000000003,12.910555555555563,-0.4379017447199256,2130.0
2023-02-12 03:00:00,7.08555555555555,19.99,12.904444444444447,-0.3862488521579422,2113.0
2023-02-12 04:00:00,7.24138888888888,20.00857142857143,12.767182539682548,-0.1113406795224969,2168.0
2023-02-12 05:00:00,7.15194444444444,20.01,12.858055555555563,-0.2912649219467396,2169.0
2023-02-12 06:00:00,6.94833333333333,20.01,13.061666666666671,-0.3498048668503213,2194.0
2023-02-12 07:00:00,6.99333333333333,20.00714285714286,13.013809523809531,-0.2258379247015609,2193.0
2023-02-12 08:00:00,7.04055555555555,20.00142857142857,12.96087301587302,-0.0909664830119375,2152.0
2023-02-12 09:00:00,7.18916666666666,19.997142857142855,12.807976190476195,5.483241505968771,2175.0
2023-02-12 10:00:00,7.52805555555555,19.99714285714285,12.469087301587301,27.98926767676766,2170.0
2023-02-12 11:00:00,7.95083333333333,20.01857142857143,12.0677380952381,66.45259412304866,2228.0
2023-02-12 12:00:00,8.50666666666666,20.00142857142857,11.494761904761909,134.14514462809916,2156.0
2023-02-12 13:00:00,9.26833333333333,20.012857142857143,10.744523809523812,183.7230257116612,2144.0
2023-02-12 14:00:00,9.46388888888888,19.994285714285716,10.530396825396837,130.16270661157026,2064.0
2023-02-12 15:00:00,9.90361111111111,20.00714285714286,10.10353174603175,147.42596418732748,2076.0
2023-02-12 16:00:00,9.4275,20.017142857142854,10.589642857142854,167.0075757575754,2059.0
2023-02-12 17:00:00,9.54833333333333,20.018571428571427,10.470238095238097,44.27858126721756,1909.0
2023-02-12 18:00:00,8.73,19.99142857142857,11.26142857142857,15.60720844811746,1888.0
2023-02-12 19:00:00,5.6175,19.99714285714285,14.379642857142851,-2.605314508723595,1948.0
2023-02-12 20:00:00,5.31555555555555,20.00142857142857,14.68587301587302,-2.370867768595042,2006.0
2023-02-12 21:00:00,4.81472222222222,20.002857142857145,15.188134920634926,-2.230257116620744,2052.0
2023-02-12 22:00:00,3.85638888888888,19.98857142857143,16.13218253968255,-1.8816000918273557,2082.0
2023-02-12 23:00:00,3.41611111111111,20.00857142857143,16.59246031746032,-1.7650941230486676,2174.0
2023-02-13 00:00:00,2.61722222222222,19.985714285714284,17.368492063492063,-1.7441460055096385,2197.0
2023-02-13 01:00:00,1.91388888888888,19.98,18.06611111111112,-1.7283631772268075,2286.0
2023-02-13 02:00:00,1.48416666666666,20.001428571428573,18.517261904761913,-1.5042470156106509,2382.0
2023-02-13 03:00:00,1.41916666666666,19.978571428571428,18.55940476190477,-1.3137052341597726,2441.0
2023-02-13 04:00:00,1.01666666666666,19.98,18.963333333333342,-1.6155876951331405,2475.0
2023-02-13 05:00:00,0.741111111111111,19.971428571428568,19.23031746031746,-1.433080808080806,2555.0
2023-02-13 06:00:00,0.612222222222222,19.96,19.34777777777778,-0.462293388429752,2599.0
2023-02-13 07:00:00,0.815555555555555,19.955714285714286,19.14015873015873,-1.0666322314049588,2687.0
2023-02-13 08:00:00,0.514444444444444,19.957142857142856,19.442698412698412,-0.7888544536271809,2736.0
2023-02-13 09:00:00,0.968611111111111,19.962857142857143,18.99424603174603,15.110192837465496,2788.0
